id,abn,name,link,note
urn:abr.business.gov.au:35915117478,35915117478,BRIMBANK CITY COUNCIL,https://www.brimbank.vic.gov.au,
urn:abr.business.gov.au:57153480436,57153480436,MENTAL HEALTH FIRST AID AUSTRALIA,"https://mhfa.com.au",
urn:abr.business.gov.au:51146548003,51146548003,TYRESMART AUSTRALIA PTY LTD,http://tyresmart.com.au/,
urn:abr.business.gov.au:61279597238,61279597238,Victoria State Emergency Service Authority,https://www.ses.vic.gov.au/,
urn:abr.business.gov.au:95922065177,95922065177,VICTORIAN TRANSPORT ASSOCIATION INC.,http://vta.com.au/,
urn:abr.business.gov.au:36621802097,36621802097,86400 HOLDINGS PTY LTD,https://www.86400.com.au/,
urn:abr.business.gov.au:45156384262,45156384262,AbbVie Australia,,
urn:abr.business.gov.au:52632328940,52632328940,AccelerateHQ Pty Ltd,,
urn:abr.business.gov.au:19162289410,19162289410,AccessComm,,
urn:abr.business.gov.au:52140915251,52140915251,Acciona Infrastructure Australia Pty Ltd,,
urn:abr.business.gov.au:52140915251,52140915251,Acciona Infrastructure Australia Pty Ltd,,
urn:abr.business.gov.au:72054247835,72054247835,Adobe Systems Pty Ltd,https://www.adobe.com/au/,
urn:abr.business.gov.au:23132823226,23132823226,Agripower Australia Limited,https://www.agripower.com.au,
urn:abr.business.gov.au:71631632409,71631632409,AGUSTIN OINTMENTS PTY LTD,,
urn:abr.business.gov.au:94006238839,94006238839,Air Affairs Australia,https://www.airaffairs.com.au/,
urn:abr.business.gov.au:41002653045,41002653045,Air Liquide Healthcare,,
urn:abr.business.gov.au:63604759462,63604759462,Air Trunk Pty Ltd,,
urn:abr.business.gov.au:51621646277,51621646277,AIRLINES FOR AUSTRALIA AND NEW ZEALAND LTD,,
urn:abr.business.gov.au:76616248992,76616248992,AIRTRUNK FINANCING PTY LTD,,
urn:abr.business.gov.au:13166165297,13166165297,Akuna Infrastructure Solutions Pty Ltd,https://www.akunainfrastructure.com/,
urn:abr.business.gov.au:85000612831,85000612831,Allergan Australia Pty Ltd,,
urn:abr.business.gov.au:59622234799,59622234799,Alliance for Journalists' Freedom,www.journalistsfreedom.com,
urn:abr.business.gov.au:46162732649,46162732649,Amaero Engineering Pty Ltd,,
urn:abr.business.gov.au:30616935623,30616935623,AMAZON COMMERCIAL SERVICES PTY LTD,https://www.amazon.com/,
urn:abr.business.gov.au:31051057428,31051057428,Amgen Australia,,
urn:abr.business.gov.au:84162244368,84162244368,AMOVEO (Modular Manufacturer of Affordable Housing),"Modular Manufacturer of Affordable Housinghttps://www.amoveo.com.au",
urn:abr.business.gov.au:59001777591,59001777591,AMP Capital Investors Limited,,
urn:abr.business.gov.au:29123129162,29123129162,Apply Direct Pty Ltd,https://www.applydirect.com.au/,
urn:abr.business.gov.au:96443678906,96443678906,Arcare Aged Care,Arcare Aged Care,
urn:abr.business.gov.au:97008084848,97008084848,ARGONAUT RESOURCES NL,https://www.argonautresources.com/site/content/,
urn:abr.business.gov.au:33605909911,33605909911,Arrow Pharmaceuticals Pty Ltd,https://www.arrowpharma.com.au/,
urn:abr.business.gov.au:64008605034,64008605034,ASC Pty Ltd,,
urn:abr.business.gov.au:32105250413,32105250413,Aspen Medical Pty Ltd,,
urn:abr.business.gov.au:44624001645,44624001645,Assemble Communities Pty Ltd,https://assemblecommunities.com/,
urn:abr.business.gov.au:90074746160,90074746160,Assistance Dogs Australia Ltd,,
urn:abr.business.gov.au:34004341048,34004341048,Associated Kiln Driers Pty Ltd,,
urn:abr.business.gov.au:17417097078,17417097078,Association of Australian Convention Bureaux ,,
urn:abr.business.gov.au:29008619921,29008619921,Association of Financial Advisers Ltd,,
urn:abr.business.gov.au:73624815032,73624815032,Asterion (Australia) Pty Ltd,http://asterioncannabis.com,
urn:abr.business.gov.au:50007050197,50007050197,ASYS COMPUTER CONSULTING PTY. LTD.,,
urn:abr.business.gov.au:24626893310,24626893310,Athena Home Loans,,
urn:abr.business.gov.au:90142386883,90142386883,Australasian Council of Dental Schools ,,
urn:abr.business.gov.au:30533237653,30533237653,Australia and China Economics Trade and Culture Association incorporated,,
urn:abr.business.gov.au:89008647336,89008647336,Australian Airports Association Ltd,,
urn:abr.business.gov.au:93008576010,93008576010,AUSTRALIAN ASSOCIATION OF SOCIAL WORKERS LIMITED ,https://www.aasw.asn.au,
urn:abr.business.gov.au:80694701458,80694701458,Australian Automobile Dealer Association,,
urn:abr.business.gov.au:41003908183,41003908183,Australian Brandenburg Orchestra,,
urn:abr.business.gov.au:19701629788,19701629788,Australian Chinese General Chamber of Business Inc,,
urn:abr.business.gov.au:50050096038,50050096038,Australian Chiropractors Association,,
urn:abr.business.gov.au:72757927533,72757927533,Australian Council of Social Service,"https://www.acoss.org.au/
",
urn:abr.business.gov.au:76060549653,76060549653,Australian Dairy Farmers,www.australiandairyfarmers.com.au,
urn:abr.business.gov.au:71674573247,71674573247,Australian Dental and Oral Health Therapists' Association Inc,https://www.adohta.net.au/,
urn:abr.business.gov.au:63169053534,63169053534,Australian Digital Commerce Association Ltd,,
urn:abr.business.gov.au:35167460586,35167460586,Australian Duty Free,,
urn:abr.business.gov.au:82622866719,82622866719,Australian Electric Car Manufacturing Pty Ltd,,
urn:abr.business.gov.au:92608495307,92608495307,Australian Energy Council Limited,,
urn:abr.business.gov.au:85623383880,85623383880,Australian Graphene Industry Association Ltd,https://grapheneindustry.org.au,
urn:abr.business.gov.au:64243628807,64243628807,Australian Hotels Association (NSW),,
urn:abr.business.gov.au:64243628807,64243628807,Australian Hotels Association (NSW),,
urn:abr.business.gov.au:98862275106,98862275106,Australian Imported Motor Vehicle Industry Association ,"Jack Sandher President AIMVIA
0404831886",
urn:abr.business.gov.au:98065814315,98065814315,Australian Mobile Telecommunications Association,,
urn:abr.business.gov.au:27627838215,27627838215,Australian Owned Contractors Limited ,,
urn:abr.business.gov.au:41052527634,41052527634,Australian Pathology,,
urn:abr.business.gov.au:20947496918,20947496918,Australian Peak Shippers Association,,
urn:abr.business.gov.au:89004265150,89004265150,Australian Physiotherapy Association ,https://australian.physio/,
urn:abr.business.gov.au:13383369929,13383369929,Australian Press Council,,
urn:abr.business.gov.au:59141480284,59141480284,Australian Solar Group Pty Ltd,http://australiansolargroup.com/,
urn:abr.business.gov.au:36068572556,36068572556,Australian Wildlife Conservancy,https://www.australianwildlife.org/,
urn:abr.business.gov.au:70077897440,70077897440,AWE Limited ,,
urn:abr.business.gov.au:89123563208,89123563208,B. Braun Avitum Australia P/L,http://www.bbraun.com.au/ ,
urn:abr.business.gov.au:24622283130,24622283130,Back Again Recycling ,,
urn:abr.business.gov.au:56812683925,56812683925,Balibo House Incorporated,www.balibohouse.com/,
urn:abr.business.gov.au:77336881946,77336881946,Barellan Aged Care Support Group,,
urn:abr.business.gov.au:22000138714,22000138714,Bayer Australia Limited,,
urn:abr.business.gov.au:62629999533,62629999533,BEAM MOBILITY AUSTRALIA PTY LTD,,
urn:abr.business.gov.au:16613066541,16613066541,BEHAVIOURAL INSIGHTS (AUSTRALIA) PTY LTD,,
urn:abr.business.gov.au:37154478725,37154478725,BEINFORMED GROUP PTY LTD,,
urn:abr.business.gov.au:35154478725,35154478725,BEINFORMED GROUP PTY LTD,,
urn:abr.business.gov.au:11125461903,11125461903,Bellamyâ€™s Organic Pty Limited,,
urn:abr.business.gov.au:79133923074,79133923074,BENJAMIN DUNCAN AVIATION PTY LTD,,
urn:abr.business.gov.au:67736818084,67736818084,bet365 Group Limited,,
urn:abr.business.gov.au:80602022435,80602022435,Better Rehabilitation,,
urn:abr.business.gov.au:15087651143,15087651143,Beyond Bank Australia,,
urn:abr.business.gov.au:49004028077,49004028077,BHP Billiton Group ,https://www.bhp.com/,
urn:abr.business.gov.au:46008700981,46008700981,BHP Billiton Iron Ore Pty Ltd ,,
urn:abr.business.gov.au:70107422631,70107422631,BIGCOMMERCE PTY LTD,https://www.bigcommerce.com,
urn:abr.business.gov.au:93615031984,93615031984,Biogen,,
urn:abr.business.gov.au:63628452399,63628452399,Bird Rides Australia Pty Ltd,https://www.bird.co,
urn:abr.business.gov.au:49604167651,49604167651,Blackstone Real Estate Australia,https://www.blackstone.com/the-firm/asset-management/real-estate,
urn:abr.business.gov.au:63169053534,63169053534,Blockchain Australia Ltd,https://blockchainaustralia.org,
urn:abr.business.gov.au:81604985533,81604985533,BLUE HOPE SUPPORT SERVICES LIMITED,http://www.bluehope.org.au/,
urn:abr.business.gov.au:72128857394,72128857394,BlueAnt,http://blueant.com.au/,
urn:abr.business.gov.au:31137691448,31137691448,Blueprint Group Australia Pty Ltd,,
urn:abr.business.gov.au:16000011058,16000011058,BlueScope Steel Limited,,
urn:abr.business.gov.au:17000028526,17000028526,Brickworks LTD,,
urn:abr.business.gov.au:47114989650,47114989650,Brite Services,,
urn:abr.business.gov.au:95065297154,95065297154,Britton Maritime Systems Pty Ltd,,
urn:abr.business.gov.au:67133420,67133420,Broadcast Operations Pty Ltd,,
urn:abr.business.gov.au:69000484417,69000484417,Broadspectrum,,
urn:abr.business.gov.au:37492219079,37492219079,Building Designers Association of Australia,,
urn:abr.business.gov.au:24083928045,24083928045,BUILT PTY LIMITED,,
urn:abr.business.gov.au:24083928045,24083928045,Built Pty Ltd,,
urn:abr.business.gov.au:56450593470,56450593470,Business Foundations,https://www.businessfoundations.com.au/ ,
urn:abr.business.gov.au:35081164347,35081164347,Bustech Pty Ltd,,
urn:abr.business.gov.au:34418816353,34418816353,BYRON FOODS,www.byronfoods.com,
urn:abr.business.gov.au:54609196170,54609196170,C&G Communities Pty Ltd,www.commercialgeneral.com.au,
urn:abr.business.gov.au:30609198567,30609198567,C&G Development Management Pty Ltd,www.commercialgeneral.com.au,
urn:abr.business.gov.au:17000032128,17000032128,Caltex,,
urn:abr.business.gov.au:66008642751,66008642751,Calzoni S.r.l.,,
urn:abr.business.gov.au:18210132023,18210132023,Careflight Limited,,
urn:abr.business.gov.au:95005449909,95005449909,Carlton Football ClubCARLTON FOOTBALL CLUB LIMITED,https://www.carltonfc.com.au/,
urn:abr.business.gov.au:97004332469,97004332469,CATERPILLAR OF AUSTRALIA PTY LTD,https://www.cat.com/en_AU,
urn:abr.business.gov.au:74165629783,74165629783,Celestino Pty Limited,,
urn:abr.business.gov.au:42118999771,42118999771,Celgene Pty Ltd,,
urn:abr.business.gov.au:17857841823,17857841823,Centre for Participation Inc,https://centreforparticipation.org.au/,
urn:abr.business.gov.au:50084642571,50084642571,Chartered Accountants Australia and New Zealand,,
urn:abr.business.gov.au:47002684737,47002684737,Children's Medical Research Institute,,
urn:abr.business.gov.au:70388962804,70388962804,Chris O'Brien Lifehouse,https://www.mylifehouse.org.au,
urn:abr.business.gov.au:18374210672,18374210672,City of Greater Geelong,,
urn:abr.business.gov.au:65533218403,65533218403,City of South Perth,,
urn:abr.business.gov.au:32430819755,32430819755,Colac Otway Shire Council,,
urn:abr.business.gov.au:85624324652,85624324652,Colinroobie Hills Water Users Pty Ltd,,
urn:abr.business.gov.au:50935329686,50935329686,Colony 47 Inc,"Colony 47 is an independent, proudly Tasmanian charity.From our pioneering beginnings in 1973 until today, Colony 47 has been at the forefront of identifying and addressing the complex needs of socially isolated and vulnerable Tasmanians. We know from experience and research that the roots of disadvantage run deep in our community. We help individuals and families develop solutions and find support to build better lives. Colony 47 delivers integrated services to help individuals and families stay housed, access education, develop skills, find employment and build meaningful family relationships. We have expertise in providing effective support to people such as homeless young women, long term unemployed, humanitarian entrants, or people with persistent and severe mental illness. Colony 47 provides support to over 20,000 Tasmanian children, young people and families every year. Website is here: https://www.colony47.com.au/",
urn:abr.business.gov.au:94606540327,94606540327,Commercial & General Administration Pty Ltd,www.commercialgeneral.com.au,
urn:abr.business.gov.au:11130417088,11130417088,Commercial & General Construction Pty Ltd,www.commercialgeneral.com.au,
urn:abr.business.gov.au:84611331858,84611331858,Commercial & General Management Services Pty Ltd,www.commercialgeneral.com.au,
urn:abr.business.gov.au:26126717913,26126717913,Commercial & General Property Services Pty Ltd,www.commercialgeneral.com.au,
urn:abr.business.gov.au:14600978103,14600978103,Commercial & General Pty Ltd,www.commercialgeneral.com.au,
urn:abr.business.gov.au:96161705335,96161705335,Commercial & General Wholesale Office Pty Ltd,www.commercialgeneral.com.au,
urn:abr.business.gov.au:41687119230,41687119230,COMMONWEALTH SCIENTIFIC AND INDUSTRIAL RESEARCH ORGANISATION,https://www.csiro.au/,
urn:abr.business.gov.au:92003108030,92003108030,Community Broadcasting Association of Australia,,
urn:abr.business.gov.au:50737749394,50737749394,Community Clubs Victoria,http://ccv.net.au/,
urn:abr.business.gov.au:30388680258,30388680258,Community Housing Industry Association Ltd,https://www.communityhousing.com.au/,
urn:abr.business.gov.au:26098280892,26098280892,Comsult(Aust) Pty Ltd,,
urn:abr.business.gov.au:55082798952,55082798952,Consumer Health Products (Formerly ASMI),,
urn:abr.business.gov.au:96930382154,96930382154,Consumer Household Equipment Rental Providers Association Inc,,
urn:abr.business.gov.au:1-107724,1-107724,Controlled Outcomes Limited,"PNG Registered Company. Registration Number 1-107724. Section 55 Allotment 17, Gordons National Capital District, PNG. Regional provider of strategic security risk solutions, emergency management & technology solutions.",
urn:abr.business.gov.au:89690832091,89690832091,Corrs Chambers Westgarth,https://corrs.com.au/,
urn:abr.business.gov.au:80713541680,80713541680,COWARDS PUNCH LIMITED,https://cowardspunchcampaign.com,
urn:abr.business.gov.au:97113908044,97113908044,CRC Care Pty Ltd ,,
urn:abr.business.gov.au:72606370576,72606370576,Credit Data Solutions Pty Ltd,,
urn:abr.business.gov.au:97124231483,97124231483,Crescent Capital Partners,,
urn:abr.business.gov.au:82167727719,82167727719,Crestech Pty Ltd,An organisation with energy efficient products,
urn:abr.business.gov.au:95008068639,95008068639,CROFTON PARK DEVELOPMENTS PTY. LTD.,,
urn:abr.business.gov.au:88063956141,88063956141,CROFTON PARK HOLDINGS PTY LTD,,
urn:abr.business.gov.au:24080378614,24080378614,CSL Australia Pty Ltd,,
urn:abr.business.gov.au:62000172967,62000172967,Daikin Australia Pty Ltd,,
urn:abr.business.gov.au:29123822533,29123822533,Darkon Pty Limited,,
urn:abr.business.gov.au:52127916009,52127916009,Datacom Systems (WA) Pty Ltd ,,
urn:abr.business.gov.au:57087651385,57087651385,Defence Bank Limited HealthShare NSW,,
urn:abr.business.gov.au:32514766352,32514766352,Defence Teaming Centre,,
urn:abr.business.gov.au:84068618931,84068618931,Deflecta Crete Seals ABN 84068618931,,
urn:abr.business.gov.au:92003435345,92003435345,DELAWARE NORTH COMPANIES AUSTRALIA PTY LTD ,https://www.delawarenorth.com,
urn:abr.business.gov.au:59133632130,59133632130,DEPUTECHNOLOGIES PTY LTD,https://www.deputy.com,
urn:abr.business.gov.au:16010089175,16010089175,Dialog Pty Ltd,https://www.dialog.com.au/,
urn:abr.business.gov.au:65003371239,65003371239,Dimension Data Australia Pty Limited,https://www.dimensiondata.com/,
urn:abr.business.gov.au:8662131268,8662131268,Disruptive Packaging Pty Ltd,,
urn:abr.business.gov.au:97003872848,97003872848,Downer EDI,www.downergoup.com,
urn:abr.business.gov.au:97003872848,97003872848,Downer EDI Limited,,
urn:abr.business.gov.au:60617211935,60617211935,Dowsing Group Pty Ltd,,
urn:abr.business.gov.au:64102943304,64102943304,DRUG ARM Australasia,,
urn:abr.business.gov.au:33091717850,33091717850,Dtex Systems Pty Ltd,https://www.dtexsystems.com,
urn:abr.business.gov.au:608301956,608301956,Dural Investment Holding Pty Ltd,,
urn:abr.business.gov.au:18008476944,18008476944,DXC Technology Pty Ltd,,
urn:abr.business.gov.au:66103014571,66103014571,Eaton Industries,,
urn:abr.business.gov.au:38125401247,38125401247,EBOS GROUP AUSTRALIA PTY LIMITED,https://www.ebosgroup.com,
urn:abr.business.gov.au:40004846100,40004846100,Edelman Public Relations Worldwide Pty Ltd,www.edelman.com,
urn:abr.business.gov.au:96138299288,96138299288,Edge Loyalty Systems Pty Ltd ,https://www.edgepri.com,
urn:abr.business.gov.au:5016081127,5016081127,Emenell Pty Ltd,,
urn:abr.business.gov.au:93104757904,93104757904,EML PAYMENTS LIMITED ,https://www.emlpayments.com,
urn:abr.business.gov.au:11001735191,11001735191,Employers Mutual Limited,,
urn:abr.business.gov.au:99086014968,99086014968,Energy Australia Pty Ltd,,
urn:abr.business.gov.au:63020415510,63020415510,Engineers Australia,,
urn:abr.business.gov.au:46617546488,46617546488,Enterprise Corporation Pty Ltd,,
urn:abr.business.gov.au:75288172749,75288172749,Ernst & Young,https://www.ey.com/au/en/home,
urn:abr.business.gov.au:93099503456,93099503456,Ethan Group Pty Ltd ,,
urn:abr.business.gov.au:51000005103,51000005103,Event Hospitality & Entertainment Ltd,,
urn:abr.business.gov.au:63598010203,63598010203,Everymind,,
urn:abr.business.gov.au:20635014756,20635014756,Fabrick Innovations Pty Ltd,,
urn:abr.business.gov.au:58090000276,58090000276,FBR Ltd,https://www.fbr.com.au/,
urn:abr.business.gov.au:008 550 347,008 550 347,Federal Chamber Automotive Industries,www.fcai.com.au,
urn:abr.business.gov.au:71616453457,71616453457,Fincantieri Australia PTY Ltd,https://www.fincantieri.com/en/group/,
urn:abr.business.gov.au:69617541278,69617541278,Fivex Services Pty Limited,,
urn:abr.business.gov.au:69617541278,69617541278,FIVEX SERVICES PTY LIMITED,,
urn:abr.business.gov.au:39129451716,39129451716,Font PR,,
urn:abr.business.gov.au:64067682044,64067682044,Football Federation Tasmania Ltd,https://footballfedtas.com.au/ ,
urn:abr.business.gov.au:95155744120,95155744120,Forrestdale Recycling,,
urn:abr.business.gov.au:58631587892,58631587892,Fortem Australia Limited,fortemaustralia.org.au,
urn:abr.business.gov.au:90312919698,90312919698,Friendly Societies of Australia ,,
urn:abr.business.gov.au:57139624150,57139624150,FRONTSTREAM PTY LTD,https://frontstream.com.au/,
urn:abr.business.gov.au:87000005318,87000005318,G. H. Varley Pty Ltd,,
urn:abr.business.gov.au:87000005318,87000005318,G.H. VARLEY PTY LTD,,
urn:abr.business.gov.au:49115301838,49115301838,GDI Holdings Pty Ltd,"Peter Cho Director and CEO 0409508123",
urn:abr.business.gov.au:18152098854,18152098854,Genex Power Ltd,,
urn:abr.business.gov.au:18152098854,18152098854,Genex Power Ltd,,
urn:abr.business.gov.au:52425663385,52425663385,Geraldton Fishermens Cooperative,,
urn:abr.business.gov.au:81103815809,81103815809,Get Real Media,,
urn:abr.business.gov.au:50007519646,50007519646,GFG Alliance,,
urn:abr.business.gov.au:48163821298,48163821298,Glencore Coal Assets Australia Pty Ltd,,
urn:abr.business.gov.au:37160626102,37160626102,Glencore Holdings Australia,,
urn:abr.business.gov.au:64608004299,64608004299,Globe Capital Administration Pty Ltd,,
urn:abr.business.gov.au:93141269016,93141269016,GOOD TO GREAT SCHOOLS AUSTRALIA,,
urn:abr.business.gov.au:33102417032,33102417032,Google Australia Pty Ltd,,
urn:abr.business.gov.au:82618093762,82618093762,GOTCHA 4 LIFE Foundation,https://www.gotcha4life.org/,
urn:abr.business.gov.au:27107426504,27107426504,GPT RE Limited,,
urn:abr.business.gov.au:74129431170,74129431170,Greenridge Properties Pty Ltd  ,https://www.brownpropertygroup.com.au,
urn:abr.business.gov.au:83398391246,83398391246,Group of 100 inc,Business Association for Chief Financial Officers and senior financial executives,
urn:abr.business.gov.au:44610953878,44610953878,Grunbiotics ,http://www.grunbiotics.com/,
urn:abr.business.gov.au:21603121740,21603121740,GSW Property Holding Pty Ltd,Organisation that designs and builds commercially viable real estate projects that focus on creating high quality space and prioritises public interests as well as community benefits.,
urn:abr.business.gov.au:89064268800,89064268800,H&R Block,,
urn:abr.business.gov.au:5706395979,5706395979,Hall and Prior Aged Care Organisation,,
urn:abr.business.gov.au:76630335616,76630335616,Hanwha Defense Australia Pty Ltd ,,
urn:abr.business.gov.au:44009157439,44009157439,HAWTHORN RESOURCES LIMITED,http://www.hawthornresources.com/,
urn:abr.business.gov.au:27630291348,27630291348,Haztech Environmental,,
urn:abr.business.gov.au:29105332652,29105332652,Hemmes Trading Pty Ltd,,
urn:abr.business.gov.au:29105332652,29105332652,Hemmes Trading Pty Ltd,,
urn:abr.business.gov.au:26620488691,26620488691,Hivve Technology Pty Ltd,,
urn:abr.business.gov.au:92629590585,92629590585,Holon Global Asset Management Pty Ltd,,
urn:abr.business.gov.au:101339593,101339593,Hot Tomato Pty Ltd,,
urn:abr.business.gov.au:33169157911,33169157911,HUBSPOT AUSTRALIA PTY LTD,https://www.hubspot.com,
urn:abr.business.gov.au:90070017784,90070017784,Hume Coal Pty Limited,,
urn:abr.business.gov.au:39614439664,39614439664,Huntington Ingalls Industries Australia Pty Ltd,https://australia.huntingtoningalls.com/,
urn:abr.business.gov.au:27126649947,27126649947,Hutchison Ports Australia Pty Ltd,,
urn:abr.business.gov.au:17621679356,17621679356,HYDROSTOR AUSTRALIA PTY LTD,,
urn:abr.business.gov.au:46146267790,46146267790,Hydrosun Holdings Pty Ltd ,"www.hydrosun.com.au Australian Inventor of FLOATING SOLAR seeking Government support to commercialise the technology in regional Australia and the Pacific ",
urn:abr.business.gov.au:83169380054,83169380054,HYPETAP PTY LTD,https://www.hypetap.com/,
urn:abr.business.gov.au:79101258182,79101258182,IES Stormwater Pty Ltd,,
urn:abr.business.gov.au:95613985943,95613985943,iFlight Technology Company Ltd,,
urn:abr.business.gov.au:45067298088,45067298088,IMF Bentham,,
urn:abr.business.gov.au:45067298088,45067298088,IMF Bentham,,
urn:abr.business.gov.au:23135154406,23135154406,Infant Nutrition Council,,
urn:abr.business.gov.au:74457506140,74457506140,InfoXChange,,
urn:abr.business.gov.au:48150217262,48150217262,Inpex Operations Australia Pty Ltd,,
urn:abr.business.gov.au:47609028015,47609028015,Insight Strategy Pty Ltd,,
urn:abr.business.gov.au:59001798214,59001798214,Intel Australia Pty Ltd,https://www.intel.com.au/content/www/au/en/homepage.html,
urn:abr.business.gov.au:32053705712,32053705712,InterSystems,https://www.intersystems.com/,
urn:abr.business.gov.au:47095036909,47095036909,Ipsen Pty Ltd,https://www.ipsen.com/aus/,
urn:abr.business.gov.au:47095036909,47095036909,Ipsen Pty Ltd,,
urn:abr.business.gov.au:85107338901,85107338901,IPSTAR Australia Pty Ltd,,
urn:abr.business.gov.au:66169130054,66169130054,iTIC Services AU Pty Ltd,Start-up company in fin tech sector ,
urn:abr.business.gov.au:51600546512,51600546512,Ixom Operations Pty Ltd,https://www.ixom.com/home,
urn:abr.business.gov.au:48613671819,48613671819,Jadestone Energy (Australia) Pty Ltd ,,
urn:abr.business.gov.au:64131962439,64131962439,James Fisher Australia Pty Ltd,,
urn:abr.business.gov.au:81557114620,81557114620,Janssen,,
urn:abr.business.gov.au:64131962439,64131962439,JFD Australia,64131962439,
urn:abr.business.gov.au:86620466248,86620466248,JOHNS LYNG GROUP LIMITED,http://johnslyng.com.au/,
urn:abr.business.gov.au:90155706086,90155706086,Katsaros and Associates,,
urn:abr.business.gov.au:88157779774,88157779774,Kaunitz Yeung Architecture,,
urn:abr.business.gov.au:91007660317,91007660317,Kellogg Brown & Root Pty Ltd,,
urn:abr.business.gov.au:21610882436,21610882436,Kembla Corp Pty Ltd,,
urn:abr.business.gov.au:73004700485,73004700485,KMART AUSTRALIA LIMITED,https://www.kmart.com.au,
urn:abr.business.gov.au:47059108922,47059108922,Kurul Property Group Pty Ltd,,
urn:abr.business.gov.au:13619136748,13619136748,L.E.K. Consulting,https://www.lek.com/,
urn:abr.business.gov.au:73008743217,73008743217,Landmark Operations Limited,,
urn:abr.business.gov.au:31131555612,31131555612,Large Format Retail Association Limited,,
urn:abr.business.gov.au:33603224728,33603224728,LAUREATE EDUCATION SERVICES AUSTRALIA PTY LTD,,
urn:abr.business.gov.au:31107531822,31107531822,Leigh Creek Energy Ltd ,,
urn:abr.business.gov.au:33000311277,33000311277,Lendlease Development Pty Ltd,,
urn:abr.business.gov.au:84081031263,84081031263,Lifeline Australia Limited,Not for profit organisation working to prevent suicide,
urn:abr.business.gov.au:36169895041,36169895041,LITTLE BLUE DINOSAUR FOUNDATION LIMITED,www.littlebluedinosaur.org,
urn:abr.business.gov.au:44615586215,44615586215,Little Green Pharma ,,
urn:abr.business.gov.au:58748087368,58748087368,LOOILLA TRUST,https://creditorwatch.com.au/express/asic/organisation/060828364/TYNONG-PASTORAL-CO-PTY-LTD,
urn:abr.business.gov.au:68253640058,68253640058,Macleay Options Inc,,
urn:abr.business.gov.au:26122169368,26122169368,Macquarie Agricultural Funds Management Ltd,,
urn:abr.business.gov.au:79123199548,79123199548,Macquarie Capital (Australia) Limited,,
urn:abr.business.gov.au:32063906927,32063906927,Macquarie Media Pty Ltd,,
urn:abr.business.gov.au:25060510410,25060510410,Marquee The Star Sydney,,
urn:abr.business.gov.au:25060510410,25060510410,Marquee The Star Sydney,,
urn:abr.business.gov.au:48008454313,48008454313,Mars Wrigley Confectionery,,
urn:abr.business.gov.au:39082449036,39082449036,MAXXIA PTY LTD,https://www.mmsg.com.au/,
urn:abr.business.gov.au:39082449036,39082449036,MAXXIA PTY LTD,https://www.maxxia.com.au,
urn:abr.business.gov.au:65434268716,65434268716,MBDA Australia,,
urn:abr.business.gov.au:74107233983,74107233983,McMillan Shakespeare Limited,https://www.mmsg.com.au,
urn:abr.business.gov.au:29153606681,29153606681,Media Federation of Australia,,
urn:abr.business.gov.au:61129334354,61129334354,Medical Technology Association of Australia,,
urn:abr.business.gov.au:61129334354,61129334354,Medical Technology Association of Australia Ltd (MTAA),,
urn:abr.business.gov.au:23126990001,23126990001,Medicines Australia Limited,,
urn:abr.business.gov.au:92871871964,92871871964,Melb	MELBOURNE CRICKET CLUB,https://www.mcc.org.au/,
urn:abr.business.gov.au:72006900830,72006900830,Merck Serono Australia Pty Ltd,,
urn:abr.business.gov.au:29002589460,29002589460,Microsoft,,
urn:abr.business.gov.au:39086722607,39086722607,Migration Solutions Pty Ltd ,,
urn:abr.business.gov.au:39008478653,39008478653,Mineral Commodities Ltd,https://www.mineralcommodities.com/ ,
urn:abr.business.gov.au:45108437529,45108437529,Mitsui E&P Australia Pty Ltd,,
urn:abr.business.gov.au:16678987178,16678987178,Moor Tech Pty Ltd,,
urn:abr.business.gov.au:32052362348,32052362348,MOORE STEPHENS (VIC) PTY LTD,https://www.moorestephens.com.au/,
urn:abr.business.gov.au:98000458622,98000458622,Mounties Group,,
urn:abr.business.gov.au:98000458622,98000458622,Mounties Group,,
urn:abr.business.gov.au:43079693968,43079693968,MPSC Australia Pty Ltd,,
urn:abr.business.gov.au:21137904806,21137904806,MUK HAIR CARE PTY LTD,,
urn:abr.business.gov.au:87081322509,87081322509,Mundipharma,,
urn:abr.business.gov.au:51004804013,51004804013,Munich Reinsurance Company of Australia Ltd,https://www.munichre.com/en/homepage/index.html,
urn:abr.business.gov.au:65247018511,65247018511,MY SHORE PRODUCTIONS PTY LTD,,
urn:abr.business.gov.au:92005871410,92005871410,Myer Foundation,http://myerfoundation.org.au/grants/other-programs/merlyn-myer-fund/,
urn:abr.business.gov.au:53086760303,53086760303,MYOB,,
urn:abr.business.gov.au:83000124381,83000124381,N I B HEALTH FUNDS LTD,nib.com.au,
urn:abr.business.gov.au:67135530433,67135530433,Nanshan Holdings (Aust)Pty Ltd ,,
urn:abr.business.gov.au:52105082460,52105082460,Neami Limited,https://www.neaminational.org.au/,
urn:abr.business.gov.au:38010653844,38010653844,New Hope Group,,
urn:abr.business.gov.au:20005683625,20005683625,Newcrest Mining Limited ,,
urn:abr.business.gov.au:35143582521,35143582521,NEXTDC Limited,,
urn:abr.business.gov.au:35143582521,35143582521,NEXTDC Limited,,
urn:abr.business.gov.au:36002057294,36002057294,Noakes Group Pty Ltd,http://noakes.net.au/,
urn:abr.business.gov.au:88092011268,88092011268,Now Screen,,Now Screen
urn:abr.business.gov.au:74624276008,74624276008,NSI (Aust) Pty Ltd,,
urn:abr.business.gov.au:43130353890,43130353890,Nulsen Group Incorporated,https://www.nulsen.com.au/,Western Australian based not-for-profit organisation which specialises in caring for people with complex needs.
urn:abr.business.gov.au:79101258182,79101258182,Ocean Protect,,
urn:abr.business.gov.au:91605996085,91605996085,Octor Pty Ltd,,
urn:abr.business.gov.au:91605996085,91605996085,Octor Pty Ltd,,
urn:abr.business.gov.au:76145200237,76145200237,OGL Group Pty Ltd,,
urn:abr.business.gov.au:21623472202,21623472202,Ola Australia Pty Ltd,,
urn:abr.business.gov.au:17602309740,17602309740,Olympus Solutions,,
urn:abr.business.gov.au:38159689988,38159689988,OneFortyOne Plantations Pty Ltd,https://onefortyone.com/,
urn:abr.business.gov.au:38159689988,38159689988,OneFortyOne Plantations Pty Ltd,,
urn:abr.business.gov.au:38159689988,38159689988,ONEFORTYONE PLANTATIONS PTY LTD,,
urn:abr.business.gov.au:19628862840,19628862840,Optimus Group Australia Pty Ltd,,
urn:abr.business.gov.au:45098570515,45098570515,Osteoporosis Australia,,
urn:abr.business.gov.au:50003529575,50003529575,Pace Farm Pty Limited,,
urn:abr.business.gov.au:55616171312,55616171312,Paintback,,
urn:abr.business.gov.au:71602662322,71602662322,Pallion Group Pty Limited,,
urn:abr.business.gov.au:29773138940,29773138940,Paul Ramsay Foundation,https://paulramsayfoundation.org.au/,
urn:abr.business.gov.au:61001401663,61001401663,Peabody Energy Australia Pty Ltd,,
urn:abr.business.gov.au:61001401663,61001401663,Peabody Energy Australia Pty Ltd,,
urn:abr.business.gov.au:40004245943,40004245943,Pearson Australia Group Pty Ltd,,
urn:abr.business.gov.au:19165732347,19165732347,PEP Services Pty Limited,https://www.pep.com.au/,
urn:abr.business.gov.au:33714762652,33714762652,Perth Radiological Clinic,,
urn:abr.business.gov.au:65004694428,65004694428,Philip Morris Limited,,
urn:abr.business.gov.au:51083791708,51083791708,PILATUS,,
urn:abr.business.gov.au:54609868993,54609868993,PLAN MANAGEMENT PARTNERS PTY LTD,https://planpartners.com.au/,
urn:abr.business.gov.au:54002062160,54002062160,Posco Australia,,
urn:abr.business.gov.au:39612531218,39612531218,Power Ledger Pty Ltd,https://www.powerledger.io ,
urn:abr.business.gov.au:11004421961,11004421961,Pratt Holdings Pty Ltd,,
urn:abr.business.gov.au:71619450841,71619450841,Premier National,https://pstate.com.au/,
urn:abr.business.gov.au:84006802053,84006802053,Premoso Pty Ltd,,
urn:abr.business.gov.au:15133151229,15133151229,Primary Industries Education Foundation Australia Ltd,https://www.piefa.edu.au/,
urn:abr.business.gov.au:39877327401,39877327401,PrimeSafe,,"PrimeSafe is the Statutory Authority responsible for regulating the meat, poultry, seafood and pet food in Victoria, Australia. PrimeSafe's primary objective is the provision of safe, wholesome meat, poultry and seafood for all consumers."
urn:abr.business.gov.au:66005585811,66005585811,Programmed Skilled Workforce,https://programmed.com.au ,
urn:abr.business.gov.au:53167382907,53167382907,PS Design & Construction Pty Ltd,,
urn:abr.business.gov.au:27004210164,27004210164,PTTEP Australasia Pty Ltd,,
urn:abr.business.gov.au:41062894473,41062894473,Public Health Association of Australia,,
urn:abr.business.gov.au:49134881272,49134881272,PUNTUKURNU ABORIGINAL MEDICAL SERVICE,,
urn:abr.business.gov.au:95942373762,95942373762,QIC Limited,https://www.qic.com.au/,
urn:abr.business.gov.au:18075744151,18075744151,QICP Pty Ltd,,
urn:abr.business.gov.au:18075744151,18075744151,QICP Pty Ltd,,
urn:abr.business.gov.au:15622782567,15622782567,Queensland Pacific Metals Pty Ltd,,
urn:abr.business.gov.au:40094502208,40094502208,Queensland XRay Pty Ltd,,
urn:abr.business.gov.au:83000532696,83000532696,Queenwood School for Girls Ltd,https://www.queenwood.nsw.edu.au/,
urn:abr.business.gov.au:22150968933,22150968933,Radmis Pty Ltd,www.radmis.com,
urn:abr.business.gov.au:34616808087,34616808087,RAFAEL Australia Pty Limited,,Australian marketing entity for RAFAEL Advanced Defense Systems Ltd
urn:abr.business.gov.au:87067697607,87067697607,Re Group Pty Ltd,,
urn:abr.business.gov.au:33083553860,33083553860,Redwave Media Pty Ltd,,
urn:abr.business.gov.au:32006507811,32006507811,Rent4keeps (Aust) Pty Ltd,https://rent4keeps.com.au/,
urn:abr.business.gov.au:14165446837,14165446837,Rivcott Pty Limited,,
urn:abr.business.gov.au:92644710607,92644710607,RMB Lawyers,,
urn:abr.business.gov.au:78002328449,78002328449,Rohde and Schwarz Australia,www.rohde-schwarz.com.au,
urn:abr.business.gov.au:37739341003,37739341003,Rotary Australia World Community Service Ltd,,
urn:abr.business.gov.au:80000644404,80000644404,Royal Australian and New Zealand College of Ophthalmologists,,
urn:abr.business.gov.au:52082406821,52082406821,Royal Freemasons Ltd,,Royal Freemasons Ltd
urn:abr.business.gov.au:28521424723,28521424723,Royal Society For The Welfare of Mothers & Babies,,
urn:abr.business.gov.au:35626749611,35626749611,Rubrik,,
urn:abr.business.gov.au:42616856798,42616856798,RuralSuper Australia Pty Ltd,,
urn:abr.business.gov.au:44142241110,44142241110,RYMAN HEALTHCARE (AUSTRALIA) PTY LTD,https://www.rymanhealthcare.com.au/,
urn:abr.business.gov.au:80133482881,80133482881,SABER ASTRONAUTICS AUSTRALIA PTY. LTD,,
urn:abr.business.gov.au:73609551840,73609551840,Safe Watch Global Pty Ltd,https://safewatchglobal.com/?AspxAutoDetectCookieSupport=1,
urn:abr.business.gov.au:31008558807,31008558807,Sanofi-Aventis Australia Pty Ltd,,
urn:abr.business.gov.au:63004280871,63004280871,Scope (Aust) Ltd,https://www.scopeaust.org.au/ ,
urn:abr.business.gov.au:50009347846,50009347846,Seafarms Group Limited,https://seafarms.com.au/,
urn:abr.business.gov.au:34093877331,34093877331,Seeing Machines Limited ,https://www.seeingmachines.com/,
urn:abr.business.gov.au:98000101315,98000101315,Sell & Parker Pty Ltd,,
urn:abr.business.gov.au:99161399622,99161399622,SENDLE PTY LTD,https://www.sendle.com/,
urn:abr.business.gov.au:26160735035,26160735035,Seqirus,,
urn:abr.business.gov.au:44003677352,44003677352,Serco Australia Pty Limited,,
urn:abr.business.gov.au:86069055956,86069055956,SHAJOR PTY. LTD,https://www.thecoachinginstitute.com.au/,
urn:abr.business.gov.au:12626833305,12626833305,Shield Academy Pty Ltd,,
urn:abr.business.gov.au:29628289458,29628289458,Shirley Angophora Pty Ltd,,
urn:abr.business.gov.au:77090543963,77090543963,Sigma Bravo Pty Ltd,,
urn:abr.business.gov.au:52001056195,52001056195,Singapore Airlines Ltd,,
urn:abr.business.gov.au:82106595377,82106595377,SIRION GLOBAL PTY LTD,,
urn:abr.business.gov.au:30607343144,30607343144,SLACK AUSTRALIA PTY LTD,,
urn:abr.business.gov.au:26161428459,26161428459,Smiling Mind,,
urn:abr.business.gov.au:68000087507,68000087507,Smith & Nephew Pty Ltd,,
urn:abr.business.gov.au:39162939120,39162939120,SNDR PTY LTD,,
urn:abr.business.gov.au:42132665804,42132665804,SOCIAL TRADERS LTD,https://www.socialtraders.com.au/,
urn:abr.business.gov.au:33621420504,33621420504,SOUTHERN LAUNCH,,
urn:abr.business.gov.au:28050738728,28050738728,Special Olympics Australia,,
urn:abr.business.gov.au:30167464182,30167464182,Spectran Environmental Management Pty Ltd,,
urn:abr.business.gov.au:51609939817,51609939817,Splunk Services Australia Pty Ltd,https://www.splunk.com,
urn:abr.business.gov.au:35055714531,35055714531,Springfield City Group,,Springfield City Group
urn:abr.business.gov.au:89612446009,89612446009,SRG Advisory Pty Ltd,,
urn:abr.business.gov.au:74064572925,74064572925,SSAB Swedish Steel Pty Ltd,,
urn:abr.business.gov.au:74064572925,74064572925,SSAB Swedish Steel Pty Ltd ,,
urn:abr.business.gov.au:55028468715,55028468715,St John Ambulance Western Australia Ltd,,
urn:abr.business.gov.au:93087990127,93087990127,Stornoway,,
urn:abr.business.gov.au:66160180343,66160180343,Stripe Payments Australia Pty Ltd,www.stripe.com,
urn:abr.business.gov.au:43861641423,43861641423,Submarine Institute of Australia,,
urn:abr.business.gov.au:11101619658,11101619658,Sunset Power,,
urn:abr.business.gov.au:161998125,161998125,Sunshine Coast Broadcasters,,
urn:abr.business.gov.au:59065464673,59065464673,Swan Bay Project Management Pty Ltd,,
urn:abr.business.gov.au:4926005,4926005,Swisse,,
urn:abr.business.gov.au:87001667983,87001667983,Sydney Theatre Company,,
urn:abr.business.gov.au:67002835412,67002835412,T W U NOMINEES PTY LTD,https://www.twusuper.com.au,
urn:abr.business.gov.au:85609725671,85609725671,Taronga Ventures Pty Limited,,
urn:abr.business.gov.au:42129091274,42129091274,TEAK CORP,,
urn:abr.business.gov.au:33051775556,33051775556,Telstra Corporation Ltd,,
urn:abr.business.gov.au:11005357522,11005357522,The Australia and New Zealand Banking Group Limited,,
urn:abr.business.gov.au:23000543788,23000543788,THE AUSTRALIAN PSYCHOLOGICAL SOCIETY LIMITED,https://www.psychology.org.au,
urn:abr.business.gov.au:84140893152,84140893152,The Communications Council,,
urn:abr.business.gov.au:90085953331,90085953331,The George Institute for Global Health,https://www.georgeinstitute.org,
urn:abr.business.gov.au:13061138181,13061138181,The Kids' Cancer Project,,
urn:abr.business.gov.au:22926759458,22926759458,The Mirabel Foundation,,
urn:abr.business.gov.au:31618489277,31618489277,The PR Collaborative,,
urn:abr.business.gov.au:4472238844,4472238844,The Salvation Army Employment Plus ,,
urn:abr.business.gov.au:85149629023,85149629023,The Star Entertainment Group,,The Star Entertainment Group
urn:abr.business.gov.au:25060510410,25060510410,The Star Pty Ltd,,
urn:abr.business.gov.au:79125944293,79125944293,THE TRUSTEE FOR BERTRIKA TRUST & OTHERS,https://www.perfekt.com.au,
urn:abr.business.gov.au:28691324027,28691324027,The Trustee for Divorce Partners Trust,http://www.divorcepartners.com.au,
urn:abr.business.gov.au:24318264323,24318264323,The trustee for Fairlandview Trust,,
urn:abr.business.gov.au:45960194277,45960194277,The Trustee for Future Super Fund,https://www.myfuturesuper.com.au,
urn:abr.business.gov.au:97762779205,97762779205,The Trustee for Haben Property Fund Pty Limited as responsible entity of Haben Retail Number 2 Trust,,
urn:abr.business.gov.au:60757059521,60757059521,The Trustee for Sustainable Melbourne Fund,,
urn:abr.business.gov.au:70250995390,70250995390,The Trustee for the NSW Electricity Networks Operations Trust,https://www.transgrid.com.au,
urn:abr.business.gov.au:15736576735,15736576735,The University of Newcastle,,
urn:abr.business.gov.au:97056509025,97056509025,The Village Building Co Ltd,https://villagebuilding.com.au/ ,
urn:abr.business.gov.au:17632106837,17632106837,The Whiskey Project,,
urn:abr.business.gov.au:30168134414,30168134414,Thomas Global Systems,,
urn:abr.business.gov.au:57260325176,57260325176,Ticket Brokers Association of Australia Inc,,
urn:abr.business.gov.au:87605237885,87605237885,TIK TOK PTY LTD,,
urn:abr.business.gov.au:12161713015,12161713015,Timberlink Australia Pty Ltd,,
urn:abr.business.gov.au:45166961659,45166961659,TMA Comms Pty Ltd,https://www.calljourney.com,Speech Analytics Innovator of compliance and illegal conduct detection.
urn:abr.business.gov.au:66006627087,66006627087,tma Group of Companies,http://www.tmaust.com,Multinational Printing and Tech Solutions Innovator
urn:abr.business.gov.au:92612444845,92612444845,TMS Clinics Pty Ltd,,
urn:abr.business.gov.au:33178428523,33178428523,Training Alliance Group ,https://www.trainingalliance.com.au/,
urn:abr.business.gov.au:80050415739,80050415739,TRI-STAR PETROLEUM COMPANY,https://tri-stargroup.com/,
urn:abr.business.gov.au:45162121824,45162121824,TWITTER AUSTRALIA HOLDINGS PTY LIMITED,https://twitter.com,
urn:abr.business.gov.au:44164971939,44164971939,Tyre Stewardship Australia,,
urn:abr.business.gov.au:57195873179,57195873179,University of New South Wales 57 195 873 179,,
urn:abr.business.gov.au:30764374782,30764374782,University of Tasmania,,
urn:abr.business.gov.au:97605590216,97605590216,UPHOLD & RECOGNISE LIMITED,,
urn:abr.business.gov.au:91006741340,91006741340,UTODESK AUSTRALIA PTY. LTD.,https://www.autodesk.com.au,
urn:abr.business.gov.au:19133444041,19133444041,Vanguard Health,,
urn:abr.business.gov.au:38003354934,38003354934,Variety - The Chidren's Charity,,
urn:abr.business.gov.au:45624743200,45624743200,Varley Rafael Australia Pty Limited,,"Australian venture for the manufacture, support and development of Rafael products in Australia"
urn:abr.business.gov.au:96101504045,96101504045,Vicinity Centres PM Pty Ltd,,
urn:abr.business.gov.au:56164915655,56164915655,Victoria International Container Terminal Limited,https://www.vict.com.au/,
urn:abr.business.gov.au:13006908756,13006908756,Victorian Trailers Pty Ltd,https://www.victrailers.com.au/,
urn:abr.business.gov.au:85093384680,85093384680,Visionstream Australia Pty Limited,https://www.visionstream.com.au/,
urn:abr.business.gov.au:74004337615,74004337615,Visy Pty Ltd,,
urn:abr.business.gov.au:22840194337,22840194337,Volbury Pty Ltd as Trustee for the Adelaide Street Property Trust,,
urn:abr.business.gov.au:18127236266,18127236266,W & E Platt Pty Ltd,,
urn:abr.business.gov.au:95001176263,95001176263,Walker Corporation,,
urn:abr.business.gov.au:18084661441,18084661441,Walsh Stevens Pty Ltd,,
urn:abr.business.gov.au:48129876213,48129876213,Water Utilities Australia Pty Ltd,,
urn:abr.business.gov.au:63066828936,63066828936,Windermere Child & Family Services Inc,www.windermere.org.au,
urn:abr.business.gov.au:38393903860,38393903860,Wyndham City Council,,
urn:abr.business.gov.au:40626293150,40626293150,WYWM SERVICES PTY LTD,https://www.withyouwithme.com/,
urn:abr.business.gov.au:89124215247,89124215247,XERO AUSTRALIA PTY LIMITED,https://www.xero.com/au/,
urn:abr.business.gov.au:89124215247,89124215247,Xero Australia Pty Ltd,,
urn:abr.business.gov.au:30147613938,30147613938,XREF (AU) PTY LTD,https://xref.com/en/au/,
urn:abr.business.gov.au:74095441151,74095441151,Yara Pilbara Fertilisers Pty Ltd,,
urn:abr.business.gov.au:93606583706,93606583706,Year 13 Pty Ltd,,
urn:abr.business.gov.au:26601019434,26601019434,YOUR DC INVESTMENTS PTY LTD,,
urn:abr.business.gov.au:53621676640,53621676640,Zero Mass Water (Australia) Pty Limited,https://www.zeromasswater.com/ap/,
urn:abr.business.gov.au:68604763966,68604763966,ZIPBY Pty Limited,http://www.zipby.com.au,Touchless Parking and Customer Data Tech Innovation Platform
urn:abr.business.gov.au:58164440993,58164440993,ZIPMONEY PAYMENTS PTY LTD,
